p_monitor_boat;pmonitor
0.01;0.1
0.05;0.02
0.1;0.01
0.3;0.003333333
0.25;0.004
0.01;0.5
0.05;0.1
0.1;0.05
0.3;0.016666667
0.25;0.02
0.01;1
0.05;0.2
0.1;0.1
0.3;0.033333333
0.25;0.04
0.05;0.4
0.1;0.2
0.3;0.066666667
0.25;0.08
0.05;0.6
0.1;0.3
0.3;0.1
0.25;0.12
0.05;0.8
0.1;0.4
0.3;0.133333333
0.25;0.16
0.05;1
0.1;0.5
0.3;0.166666667
0.25;0.2
0.1;0.7
0.3;0.233333333
0.25;0.28
0.1;1
0.3;0.333333333
0.25;0.4
0.3;0.666666667
0.25;0.8
